Q000319	etcsl:0.1.1
Q000320	etcsl:0.1.2
Q000321	etcsl:0.2.01
Q000322	etcsl:0.2.02
Q000323	etcsl:0.2.03
Q000324	etcsl:0.2.04
Q000325	etcsl:0.2.05
Q000326	etcsl:0.2.06
Q000327	etcsl:0.2.07
Q000328	etcsl:0.2.08
Q000329	etcsl:0.2.11
Q000330	etcsl:0.2.12
Q000331	etcsl:0.2.13
Q000332	etcsl:1.1.1
Q000333	etcsl:1.1.2
Q000334	etcsl:1.1.3
Q000335	etcsl:1.1.4
Q000336	etcsl:1.2.1
Q000337	etcsl:1.2.2
Q000338	etcsl:1.3.1
Q000339	etcsl:1.3.2
Q000340	etcsl:1.3.3
Q000341	etcsl:1.3.4
Q000342	etcsl:1.3.5
Q000343	etcsl:1.4.1
Q000344	etcsl:1.4.1.1
Q000345	etcsl:1.4.1.3
Q000346	etcsl:1.4.2
Q000347	etcsl:1.4.3
Q000348	etcsl:1.4.4
Q000349	etcsl:1.5.1
Q000350	etcsl:1.6.1
Q000351	etcsl:1.6.2
Q000352	etcsl:1.6.3
Q000353	etcsl:1.6.4
Q000354	etcsl:1.7.1
Q000355	etcsl:1.7.2
Q000356	etcsl:1.7.3
Q000357	etcsl:1.7.4
Q000358	etcsl:1.7.6
Q000359	etcsl:1.7.7
Q000360	etcsl:1.7.8
Q000361	etcsl:1.8.1.1
Q000362	etcsl:1.8.1.2
Q000363	etcsl:1.8.1.3
Q000364	etcsl:1.8.1.4
Q000365	etcsl:1.8.1.5
Q000366	etcsl:1.8.1.5.1
Q000367	etcsl:1.8.2.1
Q000368	etcsl:1.8.2.2
Q000369	etcsl:1.8.2.3
Q000370	etcsl:1.8.2.4
Q000371	etcsl:2.1.1
Q000372	etcsl:2.1.2
Q000373	etcsl:2.1.3
Q000374	etcsl:2.1.4
Q000375	etcsl:2.1.5
Q000376	etcsl:2.1.6
Q000377	etcsl:2.1.7
Q000378	etcsl:2.2.0
Q000379	etcsl:2.2.2
Q000380	etcsl:2.2.3
Q000381	etcsl:2.2.4
Q000382	etcsl:2.2.5
Q000383	etcsl:2.2.6
Q000384	etcsl:2.3.1
Q000385	etcsl:2.3.2
Q000386	etcsl:2.4.1.1
Q000387	etcsl:2.4.1.2
Q000388	etcsl:2.4.1.3
Q000389	etcsl:2.4.1.4
Q000390	etcsl:2.4.1.5
Q000391	etcsl:2.4.1.6
Q000392	etcsl:2.4.1.7
Q000393	etcsl:2.4.1.8
Q000394	etcsl:2.4.1.a
Q000395	etcsl:2.4.2.01
Q000396	etcsl:2.4.2.02
Q000397	etcsl:2.4.2.03
Q000398	etcsl:2.4.2.04
Q000399	etcsl:2.4.2.05
Q000400	etcsl:2.4.2.06
Q000401	etcsl:2.4.2.07
Q000402	etcsl:2.4.2.08
Q000403	etcsl:2.4.2.11
Q000404	etcsl:2.4.2.12
Q000405	etcsl:2.4.2.13
Q000406	etcsl:2.4.2.14
Q000407	etcsl:2.4.2.15
Q000408	etcsl:2.4.2.16
Q000409	etcsl:2.4.2.17
Q000410	etcsl:2.4.2.18
Q000411	etcsl:2.4.2.19
Q000412	etcsl:2.4.2.20
Q000413	etcsl:2.4.2.21
Q000414	etcsl:2.4.2.22
Q000415	etcsl:2.4.2.23
Q000416	etcsl:2.4.2.24
Q000417	etcsl:2.4.2.25
Q000418	etcsl:2.4.2.26
Q000419	etcsl:2.4.2.a
Q000420	etcsl:2.4.2.b
Q000421	etcsl:2.4.3.1
Q000422	etcsl:2.4.4.1
Q000423	etcsl:2.4.4.2
Q000424	etcsl:2.4.4.3
Q000425	etcsl:2.4.4.4
Q000426	etcsl:2.4.4.5
Q000427	etcsl:2.4.4.6
Q000428	etcsl:2.4.4.7
Q000429	etcsl:2.4.4.8
Q000430	etcsl:2.4.4.9
Q000431	etcsl:2.4.4.a
Q000432	etcsl:2.4.5.1
Q000433	etcsl:2.4.5.2
Q000434	etcsl:2.4.5.3
Q000435	etcsl:2.4.5.4
Q000436	etcsl:2.4.5.5
Q000437	etcsl:2.5.1.1
Q000438	etcsl:2.5.1.2
Q000439	etcsl:2.5.1.3
Q000440	etcsl:2.5.1.4
Q000441	etcsl:2.5.1.5
Q000442	etcsl:2.5.1.6
Q000443	etcsl:2.5.1.7
Q000444	etcsl:2.5.2.1
Q000445	etcsl:2.5.2.2
Q000446	etcsl:2.5.2.3
Q000447	etcsl:2.5.3.1
Q000448	etcsl:2.5.3.2
Q000449	etcsl:2.5.3.3
Q000450	etcsl:2.5.3.4
Q000451	etcsl:2.5.4.01
Q000452	etcsl:2.5.4.02
Q000453	etcsl:2.5.4.03
Q000454	etcsl:2.5.4.04
Q000455	etcsl:2.5.4.05
Q000456	etcsl:2.5.4.06
Q000457	etcsl:2.5.4.07
Q000458	etcsl:2.5.4.08
Q000459	etcsl:2.5.4.09
Q000460	etcsl:2.5.4.10
Q000461	etcsl:2.5.4.11
Q000462	etcsl:2.5.4.12
Q000463	etcsl:2.5.4.13
Q000464	etcsl:2.5.4.14
Q000465	etcsl:2.5.4.15
Q000466	etcsl:2.5.4.16
Q000467	etcsl:2.5.4.17
Q000468	etcsl:2.5.4.18
Q000469	etcsl:2.5.4.19
Q000470	etcsl:2.5.4.20
Q000471	etcsl:2.5.4.21
Q000472	etcsl:2.5.4.23
Q000473	etcsl:2.5.4.24
Q000474	etcsl:2.5.4.25
Q000475	etcsl:2.5.4.26
Q000476	etcsl:2.5.4.27
Q000477	etcsl:2.5.4.28
Q000478	etcsl:2.5.4.29
Q000479	etcsl:2.5.4.a
Q000480	etcsl:2.5.4.b
Q000481	etcsl:2.5.5.1
Q000482	etcsl:2.5.5.2
Q000483	etcsl:2.5.5.3
Q000484	etcsl:2.5.5.4
Q000485	etcsl:2.5.5.5
Q000486	etcsl:2.5.5.6
Q000487	etcsl:2.5.5.7
Q000488	etcsl:2.5.5.8
Q000489	etcsl:2.5.5.9
Q000490	etcsl:2.5.6.1
Q000491	etcsl:2.5.6.2
Q000492	etcsl:2.5.6.3
Q000493	etcsl:2.5.6.4
Q000494	etcsl:2.5.6.5
Q000495	etcsl:2.5.6.6
Q000496	etcsl:2.5.6.7
Q000497	etcsl:2.5.7.1
Q000498	etcsl:2.5.7.2
Q000499	etcsl:2.5.8.1
Q000500	etcsl:2.6.2.1
Q000501	etcsl:2.6.2.a
Q000502	etcsl:2.6.6.1
Q000503	etcsl:2.6.6.2
Q000504	etcsl:2.6.6.3
Q000505	etcsl:2.6.6.4
Q000506	etcsl:2.6.6.5
Q000507	etcsl:2.6.7.1
Q000508	etcsl:2.6.9.1
Q000509	etcsl:2.6.9.2
Q000510	etcsl:2.6.9.3
Q000511	etcsl:2.6.9.4
Q000512	etcsl:2.6.9.5
Q000513	etcsl:2.6.9.6
Q000514	etcsl:2.6.9.7
Q000515	etcsl:2.6.9.8
Q000516	etcsl:2.6.9.a
Q000517	etcsl:2.7.1.1
Q000518	etcsl:2.8.2.1
Q000519	etcsl:2.8.2.2
Q000520	etcsl:2.8.2.3
Q000521	etcsl:2.8.2.4
Q000522	etcsl:2.8.2.5
Q000523	etcsl:2.8.2.6
Q000524	etcsl:2.8.3.1
Q000525	etcsl:2.8.3.2
Q000526	etcsl:2.8.3.3
Q000527	etcsl:2.8.3.4
Q000528	etcsl:2.8.3.5
Q000529	etcsl:2.8.3.6
Q000530	etcsl:2.8.3.7
Q000531	etcsl:2.8.3.8
Q000532	etcsl:2.8.5.1
Q000533	etcsl:2.8.5.a
Q000534	etcsl:2.8.5.b
Q000535	etcsl:2.99.a
Q000536	etcsl:2.99.b
Q000537	etcsl:2.99.c
Q000538	etcsl:2.99.d
Q000539	etcsl:3.1.01
Q000540	etcsl:3.1.02
Q000541	etcsl:3.1.03
Q000542	etcsl:3.1.04
Q000543	etcsl:3.1.05
Q000544	etcsl:3.1.06
Q000545	etcsl:3.1.06.1
Q000546	etcsl:3.1.07
Q000547	etcsl:3.1.08
Q000548	etcsl:3.1.10
Q000549	etcsl:3.1.11
Q000550	etcsl:3.1.11.1
Q000551	etcsl:3.1.12
Q000552	etcsl:3.1.13
Q000553	etcsl:3.1.13.1
Q000554	etcsl:3.1.13.2
Q000555	etcsl:3.1.15
Q000556	etcsl:3.1.16
Q000557	etcsl:3.1.17
Q000558	etcsl:3.1.18
Q000559	etcsl:3.1.19
Q000560	etcsl:3.1.20
Q000561	etcsl:3.1.21
Q000562	etcsl:3.2.01
Q000563	etcsl:3.2.02
Q000564	etcsl:3.2.03
Q000565	etcsl:3.2.04
Q000566	etcsl:3.2.05
Q000567	etcsl:3.2.06
Q000568	etcsl:3.2.07
Q000569	etcsl:3.2.08
Q000570	etcsl:3.2.09
Q000571	etcsl:3.2.10
Q000572	etcsl:3.2.11
Q000573	etcsl:3.3.01
Q000574	etcsl:3.3.02
Q000575	etcsl:3.3.03
Q000576	etcsl:3.3.04
Q000577	etcsl:3.3.05
Q000578	etcsl:3.3.06
Q000579	etcsl:3.3.07
Q000580	etcsl:3.3.08
Q000581	etcsl:3.3.09
Q000582	etcsl:3.3.10
Q000583	etcsl:3.3.11
Q000584	etcsl:3.3.12
Q000585	etcsl:3.3.13
Q000586	etcsl:3.3.14
Q000587	etcsl:3.3.15
Q000588	etcsl:3.3.16
Q000589	etcsl:3.3.17
Q000590	etcsl:3.3.18
Q000591	etcsl:3.3.19
Q000592	etcsl:3.3.20
Q000593	etcsl:3.3.21
Q000594	etcsl:3.3.22
Q000595	etcsl:3.3.23
Q000596	etcsl:3.3.24
Q000597	etcsl:3.3.25
Q000598	etcsl:3.3.26
Q000599	etcsl:3.3.27
Q000600	etcsl:3.3.28
Q000601	etcsl:3.3.29
Q000602	etcsl:3.3.30
Q000603	etcsl:3.3.31
Q000604	etcsl:3.3.32
Q000605	etcsl:3.3.33
Q000606	etcsl:3.3.34
Q000607	etcsl:3.3.35
Q000608	etcsl:3.3.36
Q000609	etcsl:3.3.37
Q000610	etcsl:3.3.38
Q000611	etcsl:3.3.39
Q000612	etcsl:3.4.1
Q000613	etcsl:3.4.2
Q000614	etcsl:3.4.3
Q000615	etcsl:4.01.1
Q000616	etcsl:4.02.1
Q000617	etcsl:4.02.2
Q000618	etcsl:4.03.1
Q000619	etcsl:4.05.1
Q000620	etcsl:4.05.2
Q000621	etcsl:4.06.1
Q000622	etcsl:4.07.1
Q000623	etcsl:4.07.2
Q000624	etcsl:4.07.3
Q000625	etcsl:4.07.4
Q000626	etcsl:4.07.5
Q000627	etcsl:4.07.6
Q000628	etcsl:4.07.7
Q000629	etcsl:4.07.8
Q000630	etcsl:4.07.9
Q000631	etcsl:4.07.a
Q000632	etcsl:4.08.01
Q000633	etcsl:4.08.02
Q000634	etcsl:4.08.03
Q000635	etcsl:4.08.04
Q000636	etcsl:4.08.05
Q000637	etcsl:4.08.06
Q000638	etcsl:4.08.07
Q000639	etcsl:4.08.08
Q000640	etcsl:4.08.09
Q000641	etcsl:4.08.10
Q000642	etcsl:4.08.11
Q000643	etcsl:4.08.12
Q000644	etcsl:4.08.13
Q000645	etcsl:4.08.14
Q000646	etcsl:4.08.15
Q000647	etcsl:4.08.16
Q000648	etcsl:4.08.17
Q000649	etcsl:4.08.18
Q000650	etcsl:4.08.19
Q000651	etcsl:4.08.20
Q000652	etcsl:4.08.22
Q000653	etcsl:4.08.23
Q000654	etcsl:4.08.24
Q000655	etcsl:4.08.25
Q000656	etcsl:4.08.26
Q000657	etcsl:4.08.27
Q000658	etcsl:4.08.28
Q000659	etcsl:4.08.29
Q000660	etcsl:4.08.30
Q000661	etcsl:4.08.31
Q000662	etcsl:4.08.32
Q000663	etcsl:4.08.33
Q000664	etcsl:4.08.a
Q000665	etcsl:4.09.1
Q000666	etcsl:4.10.1
Q000667	etcsl:4.11.1
Q000668	etcsl:4.12.1
Q000669	etcsl:4.12.2
Q000670	etcsl:4.13.01
Q000671	etcsl:4.13.02
Q000672	etcsl:4.13.03
Q000673	etcsl:4.13.04
Q000674	etcsl:4.13.05
Q000675	etcsl:4.13.06
Q000676	etcsl:4.13.07
Q000677	etcsl:4.13.08
Q000678	etcsl:4.13.09
Q000679	etcsl:4.13.10
Q000680	etcsl:4.13.11
Q000681	etcsl:4.13.12
Q000682	etcsl:4.13.13
Q000683	etcsl:4.13.14
Q000684	etcsl:4.13.15
Q000685	etcsl:4.13.16
Q000686	etcsl:4.13.a
Q000687	etcsl:4.13.b
Q000688	etcsl:4.13.c
Q000689	etcsl:4.13.d
Q000690	etcsl:4.14.1
Q000691	etcsl:4.14.2
Q000692	etcsl:4.14.3
Q000693	etcsl:4.15.1
Q000694	etcsl:4.15.2
Q000695	etcsl:4.15.3
Q000696	etcsl:4.15.5
Q000697	etcsl:4.17.1
Q000698	etcsl:4.18.1
Q000699	etcsl:4.19.1
Q000700	etcsl:4.19.2
Q000701	etcsl:4.19.3
Q000702	etcsl:4.19.4
Q000703	etcsl:4.19.5
Q000704	etcsl:4.20.1
Q000705	etcsl:4.20.2
Q000706	etcsl:4.20.3
Q000707	etcsl:4.21.1
Q000708	etcsl:4.22.1
Q000709	etcsl:4.22.2
Q000710	etcsl:4.22.3
Q000711	etcsl:4.22.4
Q000712	etcsl:4.22.5
Q000713	etcsl:4.22.6
Q000714	etcsl:4.23.1
Q000715	etcsl:4.24.1
Q000716	etcsl:4.25.1
Q000717	etcsl:4.25.2
Q000718	etcsl:4.25.3
Q000719	etcsl:4.26.1
Q000720	etcsl:4.27.01
Q000721	etcsl:4.27.02
Q000722	etcsl:4.27.03
Q000723	etcsl:4.27.04
Q000724	etcsl:4.27.05
Q000725	etcsl:4.27.06
Q000726	etcsl:4.27.07
Q000727	etcsl:4.27.08
Q000728	etcsl:4.27.10
Q000729	etcsl:4.27.11
Q000730	etcsl:4.27.12
Q000731	etcsl:4.27.13
Q000732	etcsl:4.27.a
Q000733	etcsl:4.16.1
Q000734	etcsl:4.16.2
Q000735	etcsl:4.16.3
Q000736	etcsl:4.28.1
Q000737	etcsl:4.29.1
Q000738	etcsl:4.29.2
Q000739	etcsl:4.30.1
Q000740	etcsl:4.30.2
Q000741	etcsl:4.31.1
Q000742	etcsl:4.32.1
Q000743	etcsl:4.32.2
Q000744	etcsl:4.32.3
Q000745	etcsl:4.32.4
Q000746	etcsl:4.32.e
Q000747	etcsl:4.32.f
Q000748	etcsl:4.33.1
Q000749	etcsl:4.33.2
Q000750	etcsl:4.80.1
Q000751	etcsl:4.80.2
Q000752	etcsl:4.80.4
Q000753	etcsl:4.80.6
Q000754	etcsl:5.1.1
Q000755	etcsl:5.1.2
Q000756	etcsl:5.1.3
Q000757	etcsl:5.1.4
Q000758	etcsl:5.1.5
Q000759	etcsl:5.1.6
Q000760	etcsl:5.3.1
Q000761	etcsl:5.3.2
Q000762	etcsl:5.3.3
Q000763	etcsl:5.3.4
Q000764	etcsl:5.3.5
Q000765	etcsl:5.3.6
Q000766	etcsl:5.3.7
Q000767	etcsl:5.4.01
Q000768	etcsl:5.4.02
Q000769	etcsl:5.4.03
Q000770	etcsl:5.4.04
Q000771	etcsl:5.4.05
Q000772	etcsl:5.4.10
Q000773	etcsl:5.4.11
Q000774	etcsl:5.4.12
Q000775	etcsl:5.5.1
Q000776	etcsl:5.5.2
Q000777	etcsl:5.5.3
Q000778	etcsl:5.5.4
Q000779	etcsl:5.5.5
Q000780	etcsl:5.5.6
Q000781	etcsl:5.5.a
Q000782	etcsl:5.6.1
Q000783	etcsl:5.6.2
Q000784	etcsl:5.6.3
Q000785	etcsl:5.6.5
Q000787	etcsl:5.6.a; etcsl:5.9.3
Q000788	etcsl:5.2.4
Q000789	etcsl:5.2.5
Q000790	etcsl:5.7.1
Q000791	etcsl:5.7.2
Q000792	etcsl:5.7.3
Q000793	etcsl:5.9.1
Q000794	etcsl:5.9.2
Q000795	etcsl:6.1.01
Q000796	etcsl:6.1.02
Q000797	etcsl:6.1.03
Q000798	etcsl:6.1.04
Q000799	etcsl:6.1.05
Q000800	etcsl:6.1.07
Q000801	etcsl:6.1.08
Q000802	etcsl:6.1.09
Q000803	etcsl:6.1.10
Q000804	etcsl:6.1.11
Q000805	etcsl:6.1.12
Q000806	etcsl:6.1.13
Q000807	etcsl:6.1.14
Q000808	etcsl:6.1.15
Q000809	etcsl:6.1.16
Q000810	etcsl:6.1.17
Q000811	etcsl:6.1.18
Q000812	etcsl:6.1.19
Q000813	etcsl:6.1.21
Q000814	etcsl:6.1.22
Q000815	etcsl:6.1.23
Q000816	etcsl:6.1.24
Q000817	etcsl:6.1.25
Q000818	etcsl:6.1.26
Q000819	etcsl:6.1.27
Q000820	etcsl:6.1.28
Q000821	etcsl:6.2.1
Q000822	etcsl:6.2.2
Q000823	etcsl:6.2.3
Q000824	etcsl:6.2.4
Q000825	etcsl:6.2.5
Q000826	etcsl:6.3.a; etcsl:5.2.6
Q000827	etcsl:6.3.b; etcsl:5.6.9
Q000828	etcsl:6.3.c; etcsl:5.6.8
Q000829	etcsl:6.3.d; etcsl:5.6.7
Q000830	etcsl:6.5; etcsl:5.8
Q002178	etcsl:1
Q002287	etcsl:0.2.17
Q002288	etcsl:0.2.18
Q002289	etcsl:1.7.5
Q002290	etcsl:1.7.9
Q002291	etcsl:1.7.10
Q002292	etcsl:1.8.1.a
Q002293	etcsl:1.8.1.b
Q002294	etcsl:1.8.2.5
Q002295	etcsl:1.8.3.1
Q002296	etcsl:2.4.1.b
Q002297	etcsl:2.4.2.c
Q002298	etcsl:2.4.2.d
Q002299	etcsl:2.4.2.e
Q002300	etcsl:2.4.2.f
Q002301	etcsl:2.4.2.g
Q002302	etcsl:2.4.2.h
Q002303	etcsl:2.5.1.8
Q002304	etcsl:2.5.1.a
Q002305	etcsl:2.5.1.b
Q002306	etcsl:2.5.4.06.1
Q002307	etcsl:2.5.5.10
Q002308	etcsl:2.5.5.11
Q002309	etcsl:2.5.8.a
Q002310	etcsl:2.6.6.a
Q002311	etcsl:2.6.8.a
Q002312	etcsl:2.6.9.b
Q002313	etcsl:2.6.9.c
Q002314	etcsl:2.6.9.d
Q002315	etcsl:2.8.2.a
Q002316	etcsl:2.8.2.b
Q002317	etcsl:2.8.2.c
Q002318	etcsl:2.99.e
Q002319	etcsl:3.2.05.1
Q002320	etcsl:3.2.05.2
Q002321	etcsl:3.2.a
Q002322	etcsl:3.3.21.1
Q002323	etcsl:4.07.b
Q002324	etcsl:4.08.21
Q002325	etcsl:4.08.b
Q002326	etcsl:4.13.e
Q002327	etcsl:4.14.2.1
Q002328	etcsl:4.21.2
Q002329	etcsl:4.25.4
Q002330	etcsl:4.25.5
Q002331	etcsl:4.33.3
Q002332	etcsl:5.1.a
Q002335	etcsl:5.6.6
Q002338	etcsl:5.7.a
Q002341	etcsl:5.9.4
Q002342	etcsl:5.9.5
Q002369	etcsl:2.5.04.30
Q003580	etcsl:3.1.x; cku:08
Q003581	etcsl:3.1.x; cku:12
Q004808	etcsl:4.15.7
Q009247	etcsl:5.4.13
Q009248	etcsl:5.4.13; P251897 (MS 2865)
